{
    "0.005": 3.59945406813722e-12,
    "0.01": 1.616484723854228e-13,
    "0.015": 3.1284841939260843e-08,
    "0.02": 2.0875915315188287e-05,
    "0.025": 0.000758447904488424,
    "0.03": 0.006810064413873662,
    "0.035": 0.02843837531922111,
    "0.04": 0.07517055868588962,
    "0.045": 0.14861336065078834,
    "0.05": 0.2422635485314849,
    "0.055": 0.3459091216999761,
    "0.06": 0.44984785672469063,
    "0.065": 0.5470188575524297,
    "0.07": 0.6333588232990387,
    "0.075": 0.7072567166192438,
    "0.08": 0.7687649900619866,
    "0.085": 0.8188955813706135,
    "0.09": 0.8591050613677558,
    "0.095": 0.8909642417163851,
    "0.1": 0.9159699809833768,
    "0.105": 0.9354534507734326,
    "0.11": 0.950547940485369,
    "0.115": 0.9621901920770758,
    "0.12": 0.9711384780977816,
    "0.125": 0.9779973319378871,
    "0.13": 0.9832432924973841,
    "0.135": 0.9872488057734135,
    "0.14": 0.9903030677295978,
    "0.145": 0.9926295056396026,
    "0.15": 0.9944000628974624,
    "0.155": 0.995746660383638,
    "0.16": 0.9967702715458757,
    "0.165": 0.9975480379333932,
    "0.17": 0.9981388072747192,
    "0.17500000000000002": 0.9985874196252973,
    "0.18": 0.9989280102649303,
    "0.185": 0.9991865463797436,
    "0.19": 0.999382770190507,
    "0.195": 0.999531684369009,
    "0.2": 0.9996446857348843,
    "0.20500000000000002": 0.9997304294192247,
    "0.21": 0.9997954869180865,
    "0.215": 0.9998448467993005,
    "0.22": 0.9998822954475631,
    "0.225": 0.9999107064454185,
    "0.23": 0.9999322604275896,
    "0.23500000000000001": 0.9999486120610468,
    "0.24": 0.9999610168355005,
    "0.245": 0.9999704273184018
}