{
    "0.005": 1.976862007424529e-10,
    "0.01": 2.2911783581491818e-11,
    "0.015": 1.0899972114897238e-06,
    "0.02": 0.0003634435587045459,
    "0.025": 0.007795069132423449,
    "0.03": 0.04603950972150617,
    "0.035": 0.13662474087791132,
    "0.04": 0.27222861124430553,
    "0.045": 0.4253035160032371,
    "0.05": 0.5696614164544991,
    "0.055": 0.6906425953405748,
    "0.06": 0.7842938064802922,
    "0.065": 0.8529447650601771,
    "0.07": 0.9013931198048027,
    "0.075": 0.9346786324019555,
    "0.08": 0.9571128914839577,
    "0.085": 0.9720264206082193,
    "0.09": 0.9818418873531531,
    "0.095": 0.9882551905986314,
    "0.1": 0.9924233228270236,
    "0.105": 0.9951217153016255,
    "0.11": 0.9968636052597876,
    "0.115": 0.9979856651871771,
    "0.12": 0.9987073236333861,
    "0.125": 0.9991709249806161,
    "0.13": 0.9994684925331233,
    "0.135": 0.999659368291957,
    "0.14": 0.9997817486206068,
    "0.145": 0.9998601856041454,
    "0.15": 0.9999104450501489,
    "0.155": 0.9999426432100879,
    "0.16": 0.9999632676640327,
    "0.165": 0.9999764772094061,
    "0.17": 0.9999849369906281,
    "0.17500000000000002": 0.999990354566879,
    "0.18": 0.9999938237889417,
    "0.185": 0.9999960452831187,
    "0.19": 0.9999974677686901,
    "0.195": 0.999998378610263,
    "0.2": 0.9999989618298324,
    "0.20500000000000002": 0.999999335266599,
    "0.21": 0.9999995743772371,
    "0.215": 0.9999997274783592,
    "0.22": 0.999999825507705,
    "0.225": 0.9999998882748738,
    "0.23": 0.999999928463949,
    "0.23500000000000001": 0.9999999541964957,
    "0.24": 0.9999999706726933,
    "0.245": 0.9999999812221678
}